{"cameraMode":{"drawMode":0,"name":"Shaded","section":"Shading Mode"},"sceneLighting":true,"audioPlay":false,"sceneViewState":{"showFog":false,"showMaterialUpdate":false,"showSkybox":false,"showFlares":false,"showImageEffects":false,"showParticleSystems":false},"in2DMode":false,"pivot":{"x":49.83027648925781,"y":1.3996354341506959,"z":49.88317108154297},"rotation":{"x":0.17180025577545167,"y":-0.04136674851179123,"z":0.007220569532364607,"w":0.9842364192008972},"size":2.9952898025512697,"orthographic":false}