{"cameraMode":{"drawMode":0,"name":"Shaded","section":"Shading Mode"},"sceneLighting":true,"audioPlay":false,"sceneViewState":{"showFog":false,"showMaterialUpdate":false,"showSkybox":false,"showFlares":false,"showImageEffects":false,"showParticleSystems":false},"in2DMode":false,"pivot":{"x":49.835853576660159,"y":1.1629915237426758,"z":49.248802185058597},"rotation":{"x":0.24862053990364076,"y":-0.433248907327652,"z":0.12566716969013215,"w":0.8571411967277527},"size":1.1952900886535645,"orthographic":false}