{"cameraMode":{"drawMode":0,"name":"Shaded","section":"Shading Mode"},"sceneLighting":true,"audioPlay":false,"sceneViewState":{"showFog":false,"showMaterialUpdate":false,"showSkybox":false,"showFlares":false,"showImageEffects":false,"showParticleSystems":false},"in2DMode":false,"pivot":{"x":126.8199234008789,"y":92.11869049072266,"z":66.9465103149414},"rotation":{"x":0.24415233731269837,"y":0.09292007982730866,"z":-0.023509815335273744,"w":0.9649885296821594},"size":111.29582977294922,"orthographic":false}